INSERT INTO `member` (user_id, password, email, name, nickname, phone, birth, role, leaved, activated, created_at, modified_at, leaved_at) VALUES ('user1', 'pass1', 'user1@example.com', '이름1', '닉1', '010-1111-1101', '1990-01-01', 'ROLE_USER', 0, 1, '2025-05-13 11:01:30', '2025-05-13 11:01:30', NULL);
INSERT INTO `member` (user_id, password, email, name, nickname, phone, birth, role, leaved, activated, created_at, modified_at, leaved_at) VALUES ('user2', 'pass2', 'user2@example.com', '이름2', '닉2', '010-1111-1102', '1990-01-01', 'ROLE_USER', 0, 1, '2025-05-13 11:01:30', '2025-05-13 11:01:30', NULL);
INSERT INTO `member` (user_id, password, email, name, nickname, phone, birth, role, leaved, activated, created_at, modified_at, leaved_at) VALUES ('user3', 'pass3', 'user3@example.com', '이름3', '닉3', '010-1111-1103', '1990-01-01', 'ROLE_USER', 0, 1, '2025-05-13 11:01:30', '2025-05-13 11:01:30', NULL);
INSERT INTO `member` (user_id, password, email, name, nickname, phone, birth, role, leaved, activated, created_at, modified_at, leaved_at) VALUES ('user4', 'pass4', 'user4@example.com', '이름4', '닉4', '010-1111-1104', '1990-01-01', 'ROLE_USER', 0, 1, '2025-05-13 11:01:30', '2025-05-13 11:01:30', NULL);
INSERT INTO `member` (user_id, password, email, name, nickname, phone, birth, role, leaved, activated, created_at, modified_at, leaved_at) VALUES ('user5', 'pass5', 'user5@example.com', '이름5', '닉5', '010-1111-1105', '1990-01-01', 'ROLE_ADMIN', 0, 1, '2025-05-13 11:01:30', '2025-05-13 11:01:30', NULL);
INSERT INTO `member` (user_id, password, email, name, nickname, phone, birth, role, leaved, activated, created_at, modified_at, leaved_at) VALUES ('user6', 'pass6', 'user6@example.com', '이름6', '닉6', '010-1111-1106', '1990-01-01', 'ROLE_USER', 0, 1, '2025-05-13 11:01:30', '2025-05-13 11:01:30', NULL);
INSERT INTO `member` (user_id, password, email, name, nickname, phone, birth, role, leaved, activated, created_at, modified_at, leaved_at) VALUES ('user7', 'pass7', 'user7@example.com', '이름7', '닉7', '010-1111-1107', '1990-01-01', 'ROLE_USER', 0, 1, '2025-05-13 11:01:30', '2025-05-13 11:01:30', NULL);
INSERT INTO `member` (user_id, password, email, name, nickname, phone, birth, role, leaved, activated, created_at, modified_at, leaved_at) VALUES ('user8', 'pass8', 'user8@example.com', '이름8', '닉8', '010-1111-1108', '1990-01-01', 'ROLE_USER', 0, 1, '2025-05-13 11:01:30', '2025-05-13 11:01:30', NULL);
INSERT INTO `member` (user_id, password, email, name, nickname, phone, birth, role, leaved, activated, created_at, modified_at, leaved_at) VALUES ('user9', 'pass9', 'user9@example.com', '이름9', '닉9', '010-1111-1109', '1990-01-01', 'ROLE_USER', 0, 1, '2025-05-13 11:01:30', '2025-05-13 11:01:30', NULL);
INSERT INTO `member` (user_id, password, email, name, nickname, phone, birth, role, leaved, activated, created_at, modified_at, leaved_at) VALUES ('user10', 'pass10', 'user10@example.com', '이름10', '닉10', '010-1111-1110', '1990-01-01', 'ROLE_ADMIN', 0, 1, '2025-05-13 11:01:30', '2025-05-13 11:01:30', NULL);
INSERT INTO `member` (user_id, password, email, name, nickname, phone, birth, role, leaved, activated, created_at, modified_at, leaved_at) VALUES ('user11', 'pass11', 'user11@example.com', '이름11', '닉11', '010-1111-1111', '1990-01-01', 'ROLE_USER', 0, 1, '2025-05-13 11:01:30', '2025-05-13 11:01:30', NULL);
INSERT INTO `member` (user_id, password, email, name, nickname, phone, birth, role, leaved, activated, created_at, modified_at, leaved_at) VALUES ('user12', 'pass12', 'user12@example.com', '이름12', '닉12', '010-1111-1112', '1990-01-01', 'ROLE_USER', 0, 1, '2025-05-13 11:01:30', '2025-05-13 11:01:30', NULL);
INSERT INTO `member` (user_id, password, email, name, nickname, phone, birth, role, leaved, activated, created_at, modified_at, leaved_at) VALUES ('user13', 'pass13', 'user13@example.com', '이름13', '닉13', '010-1111-1113', '1990-01-01', 'ROLE_USER', 0, 1, '2025-05-13 11:01:30', '2025-05-13 11:01:30', NULL);
INSERT INTO `member` (user_id, password, email, name, nickname, phone, birth, role, leaved, activated, created_at, modified_at, leaved_at) VALUES ('user14', 'pass14', 'user14@example.com', '이름14', '닉14', '010-1111-1114', '1990-01-01', 'ROLE_USER', 0, 1, '2025-05-13 11:01:30', '2025-05-13 11:01:30', NULL);
INSERT INTO `member` (user_id, password, email, name, nickname, phone, birth, role, leaved, activated, created_at, modified_at, leaved_at) VALUES ('user15', 'pass15', 'user15@example.com', '이름15', '닉15', '010-1111-1115', '1990-01-01', 'ROLE_ADMIN', 0, 1, '2025-05-13 11:01:30', '2025-05-13 11:01:30', NULL);
INSERT INTO `member` (user_id, password, email, name, nickname, phone, birth, role, leaved, activated, created_at, modified_at, leaved_at) VALUES ('user16', 'pass16', 'user16@example.com', '이름16', '닉16', '010-1111-1116', '1990-01-01', 'ROLE_USER', 0, 1, '2025-05-13 11:01:30', '2025-05-13 11:01:30', NULL);
INSERT INTO `member` (user_id, password, email, name, nickname, phone, birth, role, leaved, activated, created_at, modified_at, leaved_at) VALUES ('user17', 'pass17', 'user17@example.com', '이름17', '닉17', '010-1111-1117', '1990-01-01', 'ROLE_USER', 0, 1, '2025-05-13 11:01:30', '2025-05-13 11:01:30', NULL);
INSERT INTO `member` (user_id, password, email, name, nickname, phone, birth, role, leaved, activated, created_at, modified_at, leaved_at) VALUES ('user18', 'pass18', 'user18@example.com', '이름18', '닉18', '010-1111-1118', '1990-01-01', 'ROLE_USER', 0, 1, '2025-05-13 11:01:30', '2025-05-13 11:01:30', NULL);
INSERT INTO `member` (user_id, password, email, name, nickname, phone, birth, role, leaved, activated, created_at, modified_at, leaved_at) VALUES ('user19', 'pass19', 'user19@example.com', '이름19', '닉19', '010-1111-1119', '1990-01-01', 'ROLE_USER', 0, 1, '2025-05-13 11:01:30', '2025-05-13 11:01:30', NULL);
INSERT INTO `member` (user_id, password, email, name, nickname, phone, birth, role, leaved, activated, created_at, modified_at, leaved_at) VALUES ('user20', 'pass20', 'user20@example.com', '이름20', '닉20', '010-1111-1120', '1990-01-01', 'ROLE_ADMIN', 0, 1, '2025-05-13 11:01:30', '2025-05-13 11:01:30', NULL);

INSERT INTO `member` (user_id, password, email, name, nickname, phone, birth, role, leaved, activated, created_at, modified_at, leaved_at) VALUES ('user80', '$2a$10$ovmaJzakpLYVgBMmlX4/fuUCJgvEnwKHw3DBsPOjbkkJSTKtNk/YW', 'user13@example.com', '이름13', '닉13', '010-1111-1113', '1990-01-01', 'ROLE_USER', 0, 1, '2025-05-13 11:01:30', '2025-05-13 11:01:30', NULL);

INSERT INTO `course` (id, title, description, activated, created_at, modified_at) VALUES (2, '코스1', '코스 설명1', 1, '2025-05-13 11:01:30', '2025-05-13 11:01:30');
INSERT INTO `course` (id, title, description, activated, created_at, modified_at) VALUES (3, '코스2', '코스 설명2', 1, '2025-05-13 11:01:30', '2025-05-13 11:01:30');
INSERT INTO `course` (id, title, description, activated, created_at, modified_at) VALUES (4, '코스3', '코스 설명3', 1, '2025-05-13 11:01:30', '2025-05-13 11:01:30');
INSERT INTO `course` (id, title, description, activated, created_at, modified_at) VALUES (5, '코스4', '코스 설명4', 1, '2025-05-13 11:01:30', '2025-05-13 11:01:30');
INSERT INTO `course` (id, title, description, activated, created_at, modified_at) VALUES (6, '코스5', '코스 설명5', 1, '2025-05-13 11:01:30', '2025-05-13 11:01:30');
INSERT INTO `course` (id, title, description, activated, created_at, modified_at) VALUES (7, '코스6', '코스 설명6', 1, '2025-05-13 11:01:30', '2025-05-13 11:01:30');
INSERT INTO `course` (id, title, description, activated, created_at, modified_at) VALUES (8, '코스7', '코스 설명7', 1, '2025-05-13 11:01:30', '2025-05-13 11:01:30');
INSERT INTO `course` (id, title, description, activated, created_at, modified_at) VALUES (9, '코스8', '코스 설명8', 1, '2025-05-13 11:01:30', '2025-05-13 11:01:30');
INSERT INTO `course` (id, title, description, activated, created_at, modified_at) VALUES (10, '코스9', '코스 설명9', 1, '2025-05-13 11:01:30', '2025-05-13 11:01:30');
INSERT INTO `course` (id, title, description, activated, created_at, modified_at) VALUES (11, '코스10', '코스 설명10', 1, '2025-05-13 11:01:30', '2025-05-13 11:01:30');
INSERT INTO `course` (id, title, description, activated, created_at, modified_at) VALUES (12, '코스11', '코스 설명11', 1, '2025-05-13 11:01:30', '2025-05-13 11:01:30');
INSERT INTO `course` (id, title, description, activated, created_at, modified_at) VALUES (13, '코스12', '코스 설명12', 1, '2025-05-13 11:01:30', '2025-05-13 11:01:30');
INSERT INTO `course` (id, title, description, activated, created_at, modified_at) VALUES (14, '코스13', '코스 설명13', 1, '2025-05-13 11:01:30', '2025-05-13 11:01:30');
INSERT INTO `course` (id, title, description, activated, created_at, modified_at) VALUES (15, '코스14', '코스 설명14', 1, '2025-05-13 11:01:30', '2025-05-13 11:01:30');
INSERT INTO `course` (id, title, description, activated, created_at, modified_at) VALUES (16, '코스15', '코스 설명15', 1, '2025-05-13 11:01:30', '2025-05-13 11:01:30');
INSERT INTO `course` (id, title, description, activated, created_at, modified_at) VALUES (17, '코스16', '코스 설명16', 1, '2025-05-13 11:01:30', '2025-05-13 11:01:30');
INSERT INTO `course` (id, title, description, activated, created_at, modified_at) VALUES (18, '코스17', '코스 설명17', 1, '2025-05-13 11:01:30', '2025-05-13 11:01:30');
INSERT INTO `course` (id, title, description, activated, created_at, modified_at) VALUES (19, '코스18', '코스 설명18', 1, '2025-05-13 11:01:30', '2025-05-13 11:01:30');
INSERT INTO `course` (id, title, description, activated, created_at, modified_at) VALUES (20, '코스19', '코스 설명19', 1, '2025-05-13 11:01:30', '2025-05-13 11:01:30');
INSERT INTO `course` (id, title, description, activated, created_at, modified_at) VALUES (1, '코스20', '코스 설명20', 1, '2025-05-13 11:01:30', '2025-05-13 11:01:30');
INSERT INTO `editor_course` (id, title, description, activated, created_at, modified_at) VALUES (2, '에디터코스1', '에디터 설명1', 1, '2025-05-13 11:01:30', '2025-05-13 11:01:30');
INSERT INTO `editor_course` (id, title, description, activated, created_at, modified_at) VALUES (3, '에디터코스2', '에디터 설명2', 1, '2025-05-13 11:01:30', '2025-05-13 11:01:30');
INSERT INTO `editor_course` (id, title, description, activated, created_at, modified_at) VALUES (4, '에디터코스3', '에디터 설명3', 1, '2025-05-13 11:01:30', '2025-05-13 11:01:30');
INSERT INTO `editor_course` (id, title, description, activated, created_at, modified_at) VALUES (5, '에디터코스4', '에디터 설명4', 1, '2025-05-13 11:01:30', '2025-05-13 11:01:30');
INSERT INTO `editor_course` (id, title, description, activated, created_at, modified_at) VALUES (6, '에디터코스5', '에디터 설명5', 1, '2025-05-13 11:01:30', '2025-05-13 11:01:30');
INSERT INTO `editor_course` (id, title, description, activated, created_at, modified_at) VALUES (7, '에디터코스6', '에디터 설명6', 1, '2025-05-13 11:01:30', '2025-05-13 11:01:30');
INSERT INTO `editor_course` (id, title, description, activated, created_at, modified_at) VALUES (8, '에디터코스7', '에디터 설명7', 1, '2025-05-13 11:01:30', '2025-05-13 11:01:30');
INSERT INTO `editor_course` (id, title, description, activated, created_at, modified_at) VALUES (9, '에디터코스8', '에디터 설명8', 1, '2025-05-13 11:01:30', '2025-05-13 11:01:30');
INSERT INTO `editor_course` (id, title, description, activated, created_at, modified_at) VALUES (10, '에디터코스9', '에디터 설명9', 1, '2025-05-13 11:01:30', '2025-05-13 11:01:30');
INSERT INTO `editor_course` (id, title, description, activated, created_at, modified_at) VALUES (11, '에디터코스10', '에디터 설명10', 1, '2025-05-13 11:01:30', '2025-05-13 11:01:30');
INSERT INTO `editor_course` (id, title, description, activated, created_at, modified_at) VALUES (12, '에디터코스11', '에디터 설명11', 1, '2025-05-13 11:01:30', '2025-05-13 11:01:30');
INSERT INTO `editor_course` (id, title, description, activated, created_at, modified_at) VALUES (13, '에디터코스12', '에디터 설명12', 1, '2025-05-13 11:01:30', '2025-05-13 11:01:30');
INSERT INTO `editor_course` (id, title, description, activated, created_at, modified_at) VALUES (14, '에디터코스13', '에디터 설명13', 1, '2025-05-13 11:01:30', '2025-05-13 11:01:30');
INSERT INTO `editor_course` (id, title, description, activated, created_at, modified_at) VALUES (15, '에디터코스14', '에디터 설명14', 1, '2025-05-13 11:01:30', '2025-05-13 11:01:30');
INSERT INTO `editor_course` (id, title, description, activated, created_at, modified_at) VALUES (16, '에디터코스15', '에디터 설명15', 1, '2025-05-13 11:01:30', '2025-05-13 11:01:30');
INSERT INTO `editor_course` (id, title, description, activated, created_at, modified_at) VALUES (17, '에디터코스16', '에디터 설명16', 1, '2025-05-13 11:01:30', '2025-05-13 11:01:30');
INSERT INTO `editor_course` (id, title, description, activated, created_at, modified_at) VALUES (18, '에디터코스17', '에디터 설명17', 1, '2025-05-13 11:01:30', '2025-05-13 11:01:30');
INSERT INTO `editor_course` (id, title, description, activated, created_at, modified_at) VALUES (19, '에디터코스18', '에디터 설명18', 1, '2025-05-13 11:01:30', '2025-05-13 11:01:30');
INSERT INTO `editor_course` (id, title, description, activated, created_at, modified_at) VALUES (20, '에디터코스19', '에디터 설명19', 1, '2025-05-13 11:01:30', '2025-05-13 11:01:30');
INSERT INTO `editor_course` (id, title, description, activated, created_at, modified_at) VALUES (1, '에디터코스20', '에디터 설명20', 1, '2025-05-13 11:01:30', '2025-05-13 11:01:30');

INSERT INTO `recommend_course` (course_id, activated, created_at, modified_at) VALUES (2, 1, '2025-05-13 11:01:30', '2025-05-13 11:01:30');
INSERT INTO `recommend_course` (course_id, activated, created_at, modified_at) VALUES (3, 1, '2025-05-13 11:01:30', '2025-05-13 11:01:30');
INSERT INTO `recommend_course` (course_id, activated, created_at, modified_at) VALUES (4, 1, '2025-05-13 11:01:30', '2025-05-13 11:01:30');
INSERT INTO `recommend_course` (course_id, activated, created_at, modified_at) VALUES (5, 1, '2025-05-13 11:01:30', '2025-05-13 11:01:30');
INSERT INTO `recommend_course` (course_id, activated, created_at, modified_at) VALUES (6, 1, '2025-05-13 11:01:30', '2025-05-13 11:01:30');
INSERT INTO `recommend_course` (course_id, activated, created_at, modified_at) VALUES (7, 1, '2025-05-13 11:01:30', '2025-05-13 11:01:30');
INSERT INTO `recommend_course` (course_id, activated, created_at, modified_at) VALUES (8, 1, '2025-05-13 11:01:30', '2025-05-13 11:01:30');
INSERT INTO `recommend_course` (course_id, activated, created_at, modified_at) VALUES (9, 1, '2025-05-13 11:01:30', '2025-05-13 11:01:30');
INSERT INTO `recommend_course` (course_id, activated, created_at, modified_at) VALUES (10, 1, '2025-05-13 11:01:30', '2025-05-13 11:01:30');
INSERT INTO `recommend_course` (course_id, activated, created_at, modified_at) VALUES (11, 1, '2025-05-13 11:01:30', '2025-05-13 11:01:30');
INSERT INTO `recommend_course` (course_id, activated, created_at, modified_at) VALUES (12, 1, '2025-05-13 11:01:30', '2025-05-13 11:01:30');
INSERT INTO `recommend_course` (course_id, activated, created_at, modified_at) VALUES (13, 1, '2025-05-13 11:01:30', '2025-05-13 11:01:30');
INSERT INTO `recommend_course` (course_id, activated, created_at, modified_at) VALUES (14, 1, '2025-05-13 11:01:30', '2025-05-13 11:01:30');
INSERT INTO `recommend_course` (course_id, activated, created_at, modified_at) VALUES (15, 1, '2025-05-13 11:01:30', '2025-05-13 11:01:30');
INSERT INTO `recommend_course` (course_id, activated, created_at, modified_at) VALUES (16, 1, '2025-05-13 11:01:30', '2025-05-13 11:01:30');
INSERT INTO `recommend_course` (course_id, activated, created_at, modified_at) VALUES (17, 1, '2025-05-13 11:01:30', '2025-05-13 11:01:30');
INSERT INTO `recommend_course` (course_id, activated, created_at, modified_at) VALUES (18, 1, '2025-05-13 11:01:30', '2025-05-13 11:01:30');
INSERT INTO `recommend_course` (course_id, activated, created_at, modified_at) VALUES (19, 1, '2025-05-13 11:01:30', '2025-05-13 11:01:30');
INSERT INTO `recommend_course` (course_id, activated, created_at, modified_at) VALUES (20, 1, '2025-05-13 11:01:30', '2025-05-13 11:01:30');
INSERT INTO `recommend_course` (course_id, activated, created_at, modified_at) VALUES (1, 1, '2025-05-13 11:01:30', '2025-05-13 11:01:30');
INSERT INTO `favorite_course` (id, recommend_course_id, activated, created_at, modified_at) VALUES (2, 2, 1, '2025-05-13 11:01:30', '2025-05-13 11:01:30');
INSERT INTO `favorite_course` (id, recommend_course_id, activated, created_at, modified_at) VALUES (3, 3, 1, '2025-05-13 11:01:30', '2025-05-13 11:01:30');
INSERT INTO `favorite_course` (id, recommend_course_id, activated, created_at, modified_at) VALUES (4, 4, 1, '2025-05-13 11:01:30', '2025-05-13 11:01:30');
INSERT INTO `favorite_course` (id, recommend_course_id, activated, created_at, modified_at) VALUES (5, 5, 1, '2025-05-13 11:01:30', '2025-05-13 11:01:30');
INSERT INTO `favorite_course` (id, recommend_course_id, activated, created_at, modified_at) VALUES (6, 6, 1, '2025-05-13 11:01:30', '2025-05-13 11:01:30');
INSERT INTO `favorite_course` (id, recommend_course_id, activated, created_at, modified_at) VALUES (7, 7, 1, '2025-05-13 11:01:30', '2025-05-13 11:01:30');
INSERT INTO `favorite_course` (id, recommend_course_id, activated, created_at, modified_at) VALUES (8, 8, 1, '2025-05-13 11:01:30', '2025-05-13 11:01:30');
INSERT INTO `favorite_course` (id, recommend_course_id, activated, created_at, modified_at) VALUES (9, 9, 1, '2025-05-13 11:01:30', '2025-05-13 11:01:30');
INSERT INTO `favorite_course` (id, recommend_course_id, activated, created_at, modified_at) VALUES (10, 10, 1, '2025-05-13 11:01:30', '2025-05-13 11:01:30');
INSERT INTO `favorite_course` (id, recommend_course_id, activated, created_at, modified_at) VALUES (11, 11, 1, '2025-05-13 11:01:30', '2025-05-13 11:01:30');
INSERT INTO `favorite_course` (id, recommend_course_id, activated, created_at, modified_at) VALUES (12, 12, 1, '2025-05-13 11:01:30', '2025-05-13 11:01:30');
INSERT INTO `favorite_course` (id, recommend_course_id, activated, created_at, modified_at) VALUES (13, 13, 1, '2025-05-13 11:01:30', '2025-05-13 11:01:30');
INSERT INTO `favorite_course` (id, recommend_course_id, activated, created_at, modified_at) VALUES (14, 14, 1, '2025-05-13 11:01:30', '2025-05-13 11:01:30');
INSERT INTO `favorite_course` (id, recommend_course_id, activated, created_at, modified_at) VALUES (15, 15, 1, '2025-05-13 11:01:30', '2025-05-13 11:01:30');
INSERT INTO `favorite_course` (id, recommend_course_id, activated, created_at, modified_at) VALUES (16, 16, 1, '2025-05-13 11:01:30', '2025-05-13 11:01:30');
INSERT INTO `favorite_course` (id, recommend_course_id, activated, created_at, modified_at) VALUES (17, 17, 1, '2025-05-13 11:01:30', '2025-05-13 11:01:30');
INSERT INTO `favorite_course` (id, recommend_course_id, activated, created_at, modified_at) VALUES (18, 18, 1, '2025-05-13 11:01:30', '2025-05-13 11:01:30');
INSERT INTO `favorite_course` (id, recommend_course_id, activated, created_at, modified_at) VALUES (19, 19, 1, '2025-05-13 11:01:30', '2025-05-13 11:01:30');
INSERT INTO `favorite_course` (id, recommend_course_id, activated, created_at, modified_at) VALUES (20, 20, 1, '2025-05-13 11:01:30', '2025-05-13 11:01:30');
INSERT INTO `favorite_course` (id, recommend_course_id, activated, created_at, modified_at) VALUES (1, 1, 1, '2025-05-13 11:01:30', '2025-05-13 11:01:30');
INSERT INTO `image` (editor_course_id, recommend_course_id, origin_file_name, rename_file_name, save_path, type, activated, created_at, modified_at) VALUES (2, 2, 'orig1.jpg', 'rename1.jpg', '/path/img1/', 'image/jpeg', 1, '2025-05-13 11:01:30', '2025-05-13 11:01:30');
INSERT INTO `image` (editor_course_id, recommend_course_id, origin_file_name, rename_file_name, save_path, type, activated, created_at, modified_at) VALUES (3, 3, 'orig2.jpg', 'rename2.jpg', '/path/img2/', 'image/jpeg', 1, '2025-05-13 11:01:30', '2025-05-13 11:01:30');
INSERT INTO `image` (editor_course_id, recommend_course_id, origin_file_name, rename_file_name, save_path, type, activated, created_at, modified_at) VALUES (4, 4, 'orig3.jpg', 'rename3.jpg', '/path/img3/', 'image/jpeg', 1, '2025-05-13 11:01:30', '2025-05-13 11:01:30');
INSERT INTO `image` (editor_course_id, recommend_course_id, origin_file_name, rename_file_name, save_path, type, activated, created_at, modified_at) VALUES (5, 5, 'orig4.jpg', 'rename4.jpg', '/path/img4/', 'image/jpeg', 1, '2025-05-13 11:01:30', '2025-05-13 11:01:30');
INSERT INTO `image` (editor_course_id, recommend_course_id, origin_file_name, rename_file_name, save_path, type, activated, created_at, modified_at) VALUES (6, 6, 'orig5.jpg', 'rename5.jpg', '/path/img5/', 'image/jpeg', 1, '2025-05-13 11:01:30', '2025-05-13 11:01:30');
INSERT INTO `image` (editor_course_id, recommend_course_id, origin_file_name, rename_file_name, save_path, type, activated, created_at, modified_at) VALUES (7, 7, 'orig6.jpg', 'rename6.jpg', '/path/img6/', 'image/jpeg', 1, '2025-05-13 11:01:30', '2025-05-13 11:01:30');
INSERT INTO `image` (editor_course_id, recommend_course_id, origin_file_name, rename_file_name, save_path, type, activated, created_at, modified_at) VALUES (8, 8, 'orig7.jpg', 'rename7.jpg', '/path/img7/', 'image/jpeg', 1, '2025-05-13 11:01:30', '2025-05-13 11:01:30');
INSERT INTO `image` (editor_course_id, recommend_course_id, origin_file_name, rename_file_name, save_path, type, activated, created_at, modified_at) VALUES (9, 9, 'orig8.jpg', 'rename8.jpg', '/path/img8/', 'image/jpeg', 1, '2025-05-13 11:01:30', '2025-05-13 11:01:30');
INSERT INTO `image` (editor_course_id, recommend_course_id, origin_file_name, rename_file_name, save_path, type, activated, created_at, modified_at) VALUES (10, 10, 'orig9.jpg', 'rename9.jpg', '/path/img9/', 'image/jpeg', 1, '2025-05-13 11:01:30', '2025-05-13 11:01:30');
INSERT INTO `image` (editor_course_id, recommend_course_id, origin_file_name, rename_file_name, save_path, type, activated, created_at, modified_at) VALUES (11, 11, 'orig10.jpg', 'rename10.jpg', '/path/img10/', 'image/jpeg', 1, '2025-05-13 11:01:30', '2025-05-13 11:01:30');
INSERT INTO `image` (editor_course_id, recommend_course_id, origin_file_name, rename_file_name, save_path, type, activated, created_at, modified_at) VALUES (12, 12, 'orig11.jpg', 'rename11.jpg', '/path/img11/', 'image/jpeg', 1, '2025-05-13 11:01:30', '2025-05-13 11:01:30');
INSERT INTO `image` (editor_course_id, recommend_course_id, origin_file_name, rename_file_name, save_path, type, activated, created_at, modified_at) VALUES (13, 13, 'orig12.jpg', 'rename12.jpg', '/path/img12/', 'image/jpeg', 1, '2025-05-13 11:01:30', '2025-05-13 11:01:30');
INSERT INTO `image` (editor_course_id, recommend_course_id, origin_file_name, rename_file_name, save_path, type, activated, created_at, modified_at) VALUES (14, 14, 'orig13.jpg', 'rename13.jpg', '/path/img13/', 'image/jpeg', 1, '2025-05-13 11:01:30', '2025-05-13 11:01:30');
INSERT INTO `image` (editor_course_id, recommend_course_id, origin_file_name, rename_file_name, save_path, type, activated, created_at, modified_at) VALUES (15, 15, 'orig14.jpg', 'rename14.jpg', '/path/img14/', 'image/jpeg', 1, '2025-05-13 11:01:30', '2025-05-13 11:01:30');
INSERT INTO `image` (editor_course_id, recommend_course_id, origin_file_name, rename_file_name, save_path, type, activated, created_at, modified_at) VALUES (16, 16, 'orig15.jpg', 'rename15.jpg', '/path/img15/', 'image/jpeg', 1, '2025-05-13 11:01:30', '2025-05-13 11:01:30');
INSERT INTO `image` (editor_course_id, recommend_course_id, origin_file_name, rename_file_name, save_path, type, activated, created_at, modified_at) VALUES (17, 17, 'orig16.jpg', 'rename16.jpg', '/path/img16/', 'image/jpeg', 1, '2025-05-13 11:01:30', '2025-05-13 11:01:30');
INSERT INTO `image` (editor_course_id, recommend_course_id, origin_file_name, rename_file_name, save_path, type, activated, created_at, modified_at) VALUES (18, 18, 'orig17.jpg', 'rename17.jpg', '/path/img17/', 'image/jpeg', 1, '2025-05-13 11:01:30', '2025-05-13 11:01:30');
INSERT INTO `image` (editor_course_id, recommend_course_id, origin_file_name, rename_file_name, save_path, type, activated, created_at, modified_at) VALUES (19, 19, 'orig18.jpg', 'rename18.jpg', '/path/img18/', 'image/jpeg', 1, '2025-05-13 11:01:30', '2025-05-13 11:01:30');
INSERT INTO `image` (editor_course_id, recommend_course_id, origin_file_name, rename_file_name, save_path, type, activated, created_at, modified_at) VALUES (20, 20, 'orig19.jpg', 'rename19.jpg', '/path/img19/', 'image/jpeg', 1, '2025-05-13 11:01:30', '2025-05-13 11:01:30');
INSERT INTO `image` (editor_course_id, recommend_course_id, origin_file_name, rename_file_name, save_path, type, activated, created_at, modified_at) VALUES (1, 1, 'orig20.jpg', 'rename20.jpg', '/path/img20/', 'image/jpeg', 1, '2025-05-13 11:01:30', '2025-05-13 11:01:30');
INSERT INTO `place` (place_id, course_id, editor_course_id,  place_name, address, place_url, latitude, longitude, activated, created_at, modified_at) VALUES (1, 2, 2, '장소1', '주소1', 'http://place1.com', 36.273714, 127.268005, 1, '2025-05-13 11:01:30', '2025-05-13 11:01:30');
INSERT INTO `place` (place_id, course_id, editor_course_id,  place_name, address, place_url, latitude, longitude, activated, created_at, modified_at) VALUES (2, 3, 3, '장소2', '주소2', 'http://place2.com', 36.382508, 128.944609, 1, '2025-05-13 11:01:30', '2025-05-13 11:01:30');
INSERT INTO `place` (place_id, course_id, editor_course_id,  place_name, address, place_url, latitude, longitude, activated, created_at, modified_at) VALUES (3, 4, 4, '장소3', '주소3', 'http://place3.com', 37.367284, 128.287284, 1, '2025-05-13 11:01:30', '2025-05-13 11:01:30');
INSERT INTO `place` (place_id, course_id, editor_course_id,  place_name, address, place_url, latitude, longitude, activated, created_at, modified_at) VALUES (4, 5, 5, '장소4', '주소4', 'http://place4.com', 37.203775, 128.648983, 1, '2025-05-13 11:01:30', '2025-05-13 11:01:30');
INSERT INTO `place` (place_id, course_id, editor_course_id,  place_name, address, place_url, latitude, longitude, activated, created_at, modified_at) VALUES (5, 6, 6, '장소5', '주소5', 'http://place5.com', 36.896891, 128.684968, 1, '2025-05-13 11:01:30', '2025-05-13 11:01:30');
INSERT INTO `place` (place_id, course_id, editor_course_id,  place_name, address, place_url, latitude, longitude, activated, created_at, modified_at) VALUES (6, 7, 7, '장소6', '주소6', 'http://place6.com', 37.186172, 126.39195, 1, '2025-05-13 11:01:30', '2025-05-13 11:01:30');
INSERT INTO `place` (place_id, course_id, editor_course_id,  place_name, address, place_url, latitude, longitude, activated, created_at, modified_at) VALUES (7, 8, 8, '장소7', '주소7', 'http://place7.com', 36.653907, 126.74555, 1, '2025-05-13 11:01:30', '2025-05-13 11:01:30');
INSERT INTO `place` (place_id, course_id, editor_course_id,  place_name, address, place_url, latitude, longitude, activated, created_at, modified_at) VALUES (8, 9, 9, '장소8', '주소8', 'http://place8.com', 36.673433, 126.76709, 1, '2025-05-13 11:01:30', '2025-05-13 11:01:30');
INSERT INTO `place` (place_id, course_id, editor_course_id,  place_name, address, place_url, latitude, longitude, activated, created_at, modified_at) VALUES (9, 10, 10, '장소9', '주소9', 'http://place9.com', 37.326677, 127.736311, 1, '2025-05-13 11:01:30', '2025-05-13 11:01:30');
INSERT INTO `place` (place_id, course_id, editor_course_id,  place_name, address, place_url, latitude, longitude, activated, created_at, modified_at) VALUES (10, 11, 11, '장소10', '주소10', 'http://place10.com', 35.506126, 127.325803, 1, '2025-05-13 11:01:30', '2025-05-13 11:01:30');
INSERT INTO `place` (place_id, course_id, editor_course_id,  place_name, address, place_url, latitude, longitude, activated, created_at, modified_at) VALUES (11, 12, 12, '장소11', '주소11', 'http://place11.com', 37.951056, 127.586359, 1, '2025-05-13 11:01:30', '2025-05-13 11:01:30');
INSERT INTO `place` (place_id, course_id, editor_course_id,  place_name, address, place_url, latitude, longitude, activated, created_at, modified_at) VALUES (12, 13, 13, '장소12', '주소12', 'http://place12.com', 37.116155, 128.655104, 1, '2025-05-13 11:01:30', '2025-05-13 11:01:30');
INSERT INTO `place` (place_id, course_id, editor_course_id,  place_name, address, place_url, latitude, longitude, activated, created_at, modified_at) VALUES (13, 14, 14, '장소13', '주소13', 'http://place13.com', 35.343861, 128.292572, 1, '2025-05-13 11:01:30', '2025-05-13 11:01:30');
INSERT INTO `place` (place_id, course_id, editor_course_id,  place_name, address, place_url, latitude, longitude, activated, created_at, modified_at) VALUES (14, 15, 15, '장소14', '주소14', 'http://place14.com', 36.240207, 127.51054, 1, '2025-05-13 11:01:30', '2025-05-13 11:01:30');
INSERT INTO `place` (place_id, course_id, editor_course_id,  place_name, address, place_url, latitude, longitude, activated, created_at, modified_at) VALUES (15, 16, 16, '장소15', '주소15', 'http://place15.com', 35.260815, 127.083466, 1, '2025-05-13 11:01:30', '2025-05-13 11:01:30');
INSERT INTO `place` (place_id, course_id, editor_course_id,  place_name, address, place_url, latitude, longitude, activated, created_at, modified_at) VALUES (16, 17, 17, '장소16', '주소16', 'http://place16.com', 37.60203, 126.861004, 1, '2025-05-13 11:01:30', '2025-05-13 11:01:30');
INSERT INTO `place` (place_id, course_id, editor_course_id,  place_name, address, place_url, latitude, longitude, activated, created_at, modified_at) VALUES (17, 18, 18, '장소17', '주소17', 'http://place17.com', 36.625798, 126.220724, 1, '2025-05-13 11:01:30', '2025-05-13 11:01:30');
INSERT INTO `place` (place_id, course_id, editor_course_id,  place_name, address, place_url, latitude, longitude, activated, created_at, modified_at) VALUES (18, 19, 19, '장소18', '주소18', 'http://place18.com', 37.568926, 128.105896, 1, '2025-05-13 11:01:30', '2025-05-13 11:01:30');
INSERT INTO `place` (place_id, course_id, editor_course_id,  place_name, address, place_url, latitude, longitude, activated, created_at, modified_at) VALUES (19, 20, 20, '장소19', '주소19', 'http://place19.com', 37.399819, 128.442121, 1, '2025-05-13 11:01:30', '2025-05-13 11:01:30');
INSERT INTO `place` (place_id, course_id, editor_course_id,  place_name, address, place_url, latitude, longitude, activated, created_at, modified_at) VALUES (20, 1, 1, '장소20', '주소20', 'http://place20.com', 36.825325, 128.767587, 1, '2025-05-13 11:01:30', '2025-05-13 11:01:30');
INSERT INTO `place` (place_id, course_id, editor_course_id,  place_name, address, place_url, latitude, longitude, activated, created_at, modified_at) VALUES (21, 2, null, '장소1', '주소1', 'http://place1.com', 36.273714, 127.268005, 1, '2025-05-13 11:01:30', '2025-05-13 11:01:30');
INSERT INTO `place` (place_id, course_id, editor_course_id,  place_name, address, place_url, latitude, longitude, activated, created_at, modified_at) VALUES (22, 2, null, '장소1', '주소1', 'http://place1.com', 36.273714, 127.268005, 1, '2025-05-13 11:01:30', '2025-05-13 11:01:30');
INSERT INTO `place` (place_id, course_id, editor_course_id,  place_name, address, place_url, latitude, longitude, activated, created_at, modified_at) VALUES (23, 2, null, '장소1', '주소1', 'http://place1.com', 36.273714, 127.268005, 1, '2025-05-13 11:01:30', '2025-05-13 11:01:30');

INSERT INTO `review` (id, recommend_course_id, content, star, activated, created_at, modified_at) VALUES (2, 2, '리뷰내용1', 2, 1, '2025-05-13 11:01:30', '2025-05-13 11:01:30');
INSERT INTO `review` (id, recommend_course_id, content, star, activated, created_at, modified_at) VALUES (3, 3, '리뷰내용2', 1, 1, '2025-05-13 11:01:30', '2025-05-13 11:01:30');
INSERT INTO `review` (id, recommend_course_id, content, star, activated, created_at, modified_at) VALUES (4, 4, '리뷰내용3', 2, 1, '2025-05-13 11:01:30', '2025-05-13 11:01:30');
INSERT INTO `review` (id, recommend_course_id, content, star, activated, created_at, modified_at) VALUES (5, 5, '리뷰내용4', 1, 1, '2025-05-13 11:01:30', '2025-05-13 11:01:30');
INSERT INTO `review` (id, recommend_course_id, content, star, activated, created_at, modified_at) VALUES (6, 6, '리뷰내용5', 2, 1, '2025-05-13 11:01:30', '2025-05-13 11:01:30');
INSERT INTO `review` (id, recommend_course_id, content, star, activated, created_at, modified_at) VALUES (7, 7, '리뷰내용6', 1, 1, '2025-05-13 11:01:30', '2025-05-13 11:01:30');
INSERT INTO `review` (id, recommend_course_id, content, star, activated, created_at, modified_at) VALUES (8, 8, '리뷰내용7', 1, 1, '2025-05-13 11:01:30', '2025-05-13 11:01:30');
INSERT INTO `review` (id, recommend_course_id, content, star, activated, created_at, modified_at) VALUES (9, 9, '리뷰내용8', 1, 1, '2025-05-13 11:01:30', '2025-05-13 11:01:30');
INSERT INTO `review` (id, recommend_course_id, content, star, activated, created_at, modified_at) VALUES (10, 10, '리뷰내용9', 5, 1, '2025-05-13 11:01:30', '2025-05-13 11:01:30');
INSERT INTO `review` (id, recommend_course_id, content, star, activated, created_at, modified_at) VALUES (11, 11, '리뷰내용10', 4, 1, '2025-05-13 11:01:30', '2025-05-13 11:01:30');
INSERT INTO `review` (id, recommend_course_id, content, star, activated, created_at, modified_at) VALUES (12, 12, '리뷰내용11', 4, 1, '2025-05-13 11:01:30', '2025-05-13 11:01:30');
INSERT INTO `review` (id, recommend_course_id, content, star, activated, created_at, modified_at) VALUES (13, 13, '리뷰내용12', 1, 1, '2025-05-13 11:01:30', '2025-05-13 11:01:30');
INSERT INTO `review` (id, recommend_course_id, content, star, activated, created_at, modified_at) VALUES (14, 14, '리뷰내용13', 2, 1, '2025-05-13 11:01:30', '2025-05-13 11:01:30');
INSERT INTO `review` (id, recommend_course_id, content, star, activated, created_at, modified_at) VALUES (15, 15, '리뷰내용14', 4, 1, '2025-05-13 11:01:30', '2025-05-13 11:01:30');
INSERT INTO `review` (id, recommend_course_id, content, star, activated, created_at, modified_at) VALUES (16, 16, '리뷰내용15', 3, 1, '2025-05-13 11:01:30', '2025-05-13 11:01:30');
INSERT INTO `review` (id, recommend_course_id, content, star, activated, created_at, modified_at) VALUES (17, 17, '리뷰내용16', 1, 1, '2025-05-13 11:01:30', '2025-05-13 11:01:30');
INSERT INTO `review` (id, recommend_course_id, content, star, activated, created_at, modified_at) VALUES (18, 18, '리뷰내용17', 4, 1, '2025-05-13 11:01:30', '2025-05-13 11:01:30');
INSERT INTO `review` (id, recommend_course_id, content, star, activated, created_at, modified_at) VALUES (19, 19, '리뷰내용18', 5, 1, '2025-05-13 11:01:30', '2025-05-13 11:01:30');
INSERT INTO `review` (id, recommend_course_id, content, star, activated, created_at, modified_at) VALUES (20, 20, '리뷰내용19', 1, 1, '2025-05-13 11:01:30', '2025-05-13 11:01:30');
INSERT INTO `review` (id, recommend_course_id, content, star, activated, created_at, modified_at) VALUES (1, 1, '리뷰내용20', 3, 1, '2025-05-13 11:01:30', '2025-05-13 11:01:30');

UPDATE `image`
SET
  origin_file_name = 'flower1.PNG',
  rename_file_name = 'flower1.PNG',
  save_path = '/image/'
WHERE 1=1;



INSERT INTO `image` (editor_course_id, recommend_course_id, origin_file_name, rename_file_name, save_path, type, activated, created_at, modified_at)
VALUES
(NULL, 2, 'orig_rc_1.jpg', 'rename_rc_1.jpg', '/path/img_rc_1/', 'image/jpeg', 1, '2025-05-13 11:01:30', '2025-05-13 11:01:30'),
(NULL, 2, 'orig_rc_2.jpg', 'rename_rc_2.jpg', '/path/img_rc_2/', 'image/jpeg', 1, '2025-05-13 11:01:30', '2025-05-13 11:01:30'),
(NULL, 2, 'orig_rc_3.jpg', 'rename_rc_3.jpg', '/path/img_rc_3/', 'image/jpeg', 1, '2025-05-13 11:01:30', '2025-05-13 11:01:30'),
(NULL, 2, 'orig_rc_4.jpg', 'rename_rc_4.jpg', '/path/img_rc_4/', 'image/jpeg', 1, '2025-05-13 11:01:30', '2025-05-13 11:01:30');

INSERT INTO `image` (editor_course_id, recommend_course_id, origin_file_name, rename_file_name, save_path, type, activated, created_at, modified_at)
VALUES
(2, NULL, 'orig_ec_1.jpg', 'rename_ec_1.jpg', '/path/img_ec_1/', 'image/jpeg', 1, '2025-05-13 11:01:30', '2025-05-13 11:01:30'),
(2, NULL, 'orig_ec_2.jpg', 'rename_ec_2.jpg', '/path/img_ec_2/', 'image/jpeg', 1, '2025-05-13 11:01:30', '2025-05-13 11:01:30'),
(2, NULL, 'orig_ec_3.jpg', 'rename_ec_3.jpg', '/path/img_ec_3/', 'image/jpeg', 1, '2025-05-13 11:01:30', '2025-05-13 11:01:30'),
(2, NULL, 'orig_ec_4.jpg', 'rename_ec_4.jpg', '/path/img_ec_4/', 'image/jpeg', 1, '2025-05-13 11:01:30', '2025-05-13 11:01:30');
